title_pt;title_en;year;rating;genre;sinopse
O Garoto;. O Garoto;1921;8.2;Comédia;Um mendigo cuida de uma criança abandonada, mas os eventos ameaçam esse relacionamento.
Bancando o Águia;. Bancando o Águia;1924;8.2;Ação;Um projecionista de cinema deseja ser um detetive e coloca suas magras habilidades em prática quando um rival o incrimina por roubar o relógio de bolso do pai de sua namorada.
Em Busca do Ouro;. Em Busca do Ouro;1925;8.1;Aventura;Um garimpeiro vai ao Klondike em busca de ouro e encontra muito mais que isso.
A General;. A General;1926;8.1;Ação;Uns espiões roubam a amada locomotiva de um engenheiro, ele a persegue sozinho através das linhas inimigas.
Metrópolis;. Metrópolis;1927;8.3;Drama;Numa cidade futurística dividida entre os trabalhadores e os planejadores, o filho do maior planejador se apaixona por uma trabalhadora.
O Martírio de Joana D'Arc;. O Martírio de Joana D'Arc;1928;8.1;Biografia;Em 1431, Joana D'Arc é julgada sob acusações de heresia. Os advogados da Igreja tentam forçar Jeanne a retractar suas reivindicações de visões sagradas.
M, o Vampiro de Dusseldorf;. M, o Vampiro de Dusseldorf;1931;8.3;Policial;Quando a polícia de uma cidade alemã não consegue encontrar um assassino de crianças, outros criminosos decidem ajudar na caçada humana.
Luzes da Cidade; Luzes da Cidade;1931;8.5;Comédia;Com a ajuda de um homem rico, bêbado e imprevisível, um vagabundo ingênuo que se apaixonou por uma florista cega tenta conseguir dinheiro para fornecer ajuda médica.
Aconteceu Naquela Noite;. Aconteceu Naquela Noite;1934;8.1;Comédia;Uma herdeira mimada que foge de sua família é ajudada por um homem que na verdade é um repórter que precisa de uma história.
Tempos Modernos; Tempos Modernos;1936;8.5;Comédia;Um vagabundo luta para viver na sociedade industrial moderna com a ajuda de uma jovem.
O Mágico de Oz;. O Mágico de Oz;1939;8.1;Aventura;A Dorothy Gale é levada por um tornado até a mágica cidade de Oz e vá numa viagem com novos amigos que la ajudar a voltar para casa.
...E o Vento Levou;. ...E o Vento Levou;1939;8.2;Drama;Uma mulher manipuladora e uma truhan embarcam em um romance turbulento durante a Guerra Civil Americana e o período da Reconstrução.
A Mulher Faz o Homem;. A Mulher Faz o Homem;1939;8.1;Comédia;Um homem ingênuo é eleito para ocupar uma vaga no Senado dos Estados Unidos. Seus planos colidem rapidamente com a corrupção política, mas ele não desiste.
As Vinhas da Ira;. As Vinhas da Ira;1940;8.1;Drama;Uma família pobre no Centro-Oeste é forçada a abandonar suas terras. Eles viajam para a Califórnia, sofrendo os infortúnios dos sem-teto na Grande Depressão.
O Grande Ditador; O Grande Ditador;1940;8.4;Comédia;O ditador Hynkel tenta expandir seu império enquanto um pobre barbeiro judeu tenta evitar a perseguição do regime de Hynkel.
Rebecca, a Mulher Inesquecível;. Rebecca, a Mulher Inesquecível;1940;8.1;Drama;Uma mulher autoconsciente faz malabarismos para se ajustar a seu novo papel de esposa de um aristocrata e evitar ser intimidada pela presença espectral de sua primeira esposa.
Cidadão Kane; Cidadão Kane;1941;8.3;Drama;Após a morte de um magnata na indústria editorial, jornalistas correm para descobrir o significado da última palavra que ele pronunciou.
Casablanca; Casablanca;1942;8.5;Drama;O proprietário cético de uma boate protege um antigo amor e seu marido dos nazistas no Marrocos.
Ser ou Não Ser;. Ser ou Não Ser;1942;8.2;Comédia;Durante a ocupação nazista da Polônia, uma trupe de atuação se envolve nos esforços de um soldado polonês para rastrear um espião alemão.
Pacto de Sangue;. Pacto de Sangue;1944;8.3;Policial;Um agente de seguros se deixa convencer de um esquema de assassinato e fraude, o que desperta a suspeita de um investigador.
A Felicidade Não se Compra; A Felicidade Não se Compra;1946;8.6;Drama;Um anjo é enviado dos céus para ajudar um homem de negócios desesperado em sua frustração, e mostra a ele como seria a vida se nunca tivesse existido.
Os Melhores Anos de Nossa Vida;. Os Melhores Anos de Nossa Vida;1946;8.1;Drama;Três veteranos da Segunda Guerra Mundial voltam para casa na cidade pequena da América para descobrir que eles e suas famílias foram mudados irreparavelmente.
O Tesouro da Sierra Madre;. O Tesouro da Sierra Madre;1947;8.2;Aventura;Dois americanos em busca de trabalho no México convencem um homem a ajudá-los a extrair ouro nas montanhas da Serra Madre.
Ladrões de Bicicletas;. Ladrões de Bicicletas;1948;8.3;Drama;Na Itália da pós-guerra a bicicleta de um homem da classe trabalhadora é roubada. Ele e o filho partiram para encontrá-la.
O 3º Homem;. O 3º Homem;1949;8.1;Filme noir;O romancista Holly Martins viaja para sombria, Viena pós-guerra, apenas para ele mesmo investigar a misteriosa morte de um velho amigo, Harry Lime
Rashomon;. Rashomon;1950;8.2;Policial;A violação de uma noiva e o assassinato de seu marido samurai são lembrados desde a perspectiva de um bandido, da noiva, do fantasma do samurai e de um lenhador.
A Malvada;. A Malvada;1950;8.2;Drama;Uma ingênua se insinua na vida de uma atriz de teatro, e de seu círculo de amigas de teatro.
Crepúsculo dos Deuses; Crepúsculo dos Deuses;1950;8.4;Drama;Um roteirista estabelece uma relação com uma fracasada estrela de cinema que quer voltar aos filmes.
Viver; Viver;1952;8.3;Drama;Depois de descobrir que tem câncer terminal, um burocrata tenta encontrar um sentido para sua vida.
Cantando na Chuva; Cantando na Chuva;1952;8.3;Comédia;Uma produtora de cinema e elenco fazem uma transição difíci.
O Salário do Medo;. O Salário do Medo;1953;8.2;Aventura;Em uma aldeia da América do Sul, quatro homens são contratados para transportar uma remessa urgente de nitroglicerina, mas sem o equipamento de segurança.
Era uma Vez em Tóquio;. Era uma Vez em Tóquio;1953;8.1;Drama;Um casal de idosos visita seus filhos e netos na cidade, mas recebe pouca atenção.
Disque M para Matar;. Disque M para Matar;1954;8.2;Policial;Um ex-tenista decide matar a esposa para herdar o dinheiro dela e se vingar de um caso que ela havia tido. A fim de se livrar de culpas, usa um antigo colega de faculdade. Mas as coisas não vão correr como estava planeado.
Sindicato de Ladrões;. Sindicato de Ladrões;1954;8.1;Policial;Um ex-lutador que virou lutador enfrenta seus chefes corruptos.
Janela Indiscreta; Janela Indiscreta;1954;8.5;Mistério;Um fotógrafo em uma cadeira de rodas espiona seus vizinhos pela janela de seu apartamento e está convencido de que um deles cometeu um assassinato.
Os Sete Samurais; Os Sete Samurais;1954;8.6;Ação;Uma aldeia pobre sob a ameaça de bandidos recruta sete samurais para ajudá-los a se defenderem.
A Canção da Estrada;. A Canção da Estrada;1955;8.2;Drama;O padre Harihar Ray, sonhando com uma vida melhor para si e sua família, deixa sua aldeia rural de Bengala em busca de trabalho.
Testemunha de Acusação; Testemunha de Acusação;1957;8.4;Policial;Um veterano advogado britânico deve defender seu cliente em um julgamento de assassinato que tem surpresa após surpresa.
Morangos Silvestres;. Morangos Silvestres;1957;8.1;Drama;Depois de viver uma vida marcada pela frieza, um professor idoso é forçado a confrontar o vazio de sua existência.
12 Homens e uma Sentença;12 Homens e uma Sentença;1957;9.0;Policial;O julgamento de um assassinato em Nova Iorque é frustrado por um único membro, cujo ceticismo força o júri a considerar cuidadosamente as evidências antes de dar o veredito.
Glória Feita de Sangue; Glória Feita de Sangue;1957;8.4;Drama;Depois de se recusar a atacar uma posição inimiga, um general acusa os soldados da covardia e seu comandante deve defendê-los.
A Ponte do Rio Kwai;. A Ponte do Rio Kwai;1957;8.1;Aventura;Depois de resolver suas diferenças com um japonês, o comandante do campo, um coronel britânico, coopera para supervisionar a construção de uma ponte ferroviária.
O Sétimo Selo;. O Sétimo Selo;1957;8.1;Drama;Um homem procura respostas sobre a vida, a morte e a existência de Deus enquanto joga xadrez contra a morte durante a Morte Negra.
Um Corpo que Cai;. Um Corpo que Cai;1958;8.3;Mistério;Um ex-policial luta contra seus demônios enquanto está obcecado por uma mulher bonita.
Ben-Hur;. Ben-Hur;1959;8.1;Aventura;Quando um príncipe de Jerusalém é traído e enviado à escravidão por um amigo romano, ele recupera sua liberdade e retorna para se vingar.
Os Incompreendidos;. Os Incompreendidos;1959;8.1;Policial;Uma criança, sem atenção, entra em uma vida de pequenos crimes.
Quanto Mais Quente Melhor;. Quanto Mais Quente Melhor;1959;8.2;Comédia;Dos músicos son testigos de un crimen y se dan a la fuga disfrazados de mujeres en una banda femenina, pero las cosas se complican.
Intriga Internacional;. Intriga Internacional;1959;8.3;Ação;Um executivo de publicidade de Nova Iorque tem que fugir quando é confundido por um agente de governo.
Psicose; Psicose;1960;8.5;Terror;Uma secretária de Phoenix desvia dinheiro de um cliente de sua empresa, foge e vai a um motel remoto gerido por um jovem sob o domínio da mãe.
Se Meu Apartamento Falasse;. Se Meu Apartamento Falasse;1960;8.3;Comédia;Um homem tenta subir na empresa permitindo que seus executivos usem seu apartamento para encontros, mas surgem complicações e um romance próprio.
Yojimbo, o Guarda-Costas;. Yojimbo, o Guarda-Costas;1961;8.2;Ação;Um astuto ronin chega a uma cidade dividida por duas quadrilhas criminosas e decide se confrontar para libertar a cidade.
Julgamento em Nuremberg;. Julgamento em Nuremberg;1961;8.3;Drama;Em 1948, um tribunal dos Estados Unidos na Alemanha ocupada julga quatro nazistas por crimes de guerra.
Harakiri; Harakiri;1962;8.6;Ação;Um velho samurai ronin chega à casa de um senhor feudal e pede um lugar honroso para cometer suicídio. Mas quando o ronin pede um samurai mais jovem que chegou antes, os eventos seguem um curso inesperado.
Lawrence da Arábia; Lawrence da Arábia;1962;8.3;Aventura;A história de T. E. Lawrence, o oficial inglês que conseguiu unir e liderar várias tribos árabes, durante a Primeira Guerra Mundial para lutar contra os turcos.
O Sol é para Todos;. O Sol é para Todos;1962;8.3;Policial;Atticus Finch, um advogado no sul da era da Depressão, defende um homem negro contra uma acusação de estupro imerecida, e seus filhos contra o preconceito.
Fugindo do Inferno;. Fugindo do Inferno;1963;8.2;Aventura;Prisioneiros de guerra aliados planejam uma fuga maciça de um campo alemão durante a Segunda Guerra Mundial.
Céu E Inferno; Céu E Inferno;1963;8.4;Policial;Um executivo de uma empresa de calçados torna-se vítima de extorsão quando o filho de seu motorista é sequestrado e retido para resgate.
Dr. Fantástico; Dr. Fantástico;1964;8.4;Comédia;Um general alienado provoca um potencial holocausto nuclear que uma sala de guerra cheia de políticos e generais tenta freneticamente parar.
Por uns Dólares a Mais;. Por uns Dólares a Mais;1965;8.2;Drama;Dois caçadores de recompensas com as mesmas intenções se reúnem para encontrar um criminoso ocidental.
A Noviça Rebelde;. A Noviça Rebelde;1965;8.1;Biografia;Uma mulher deixa um convento austríaco para se tornar a instrutora dos filhos de um oficial da marinha viúvo.
Três Homens em Conflito; Três Homens em Conflito;1966;8.8;Aventura;Um impostor se junta com dois homens para encontrar fortuna num remoto cemitério.
A Batalha de Argel;. A Batalha de Argel;1966;8.1;Drama;Nos anos 50, o medo e a violência aumentam à medida que o povo de Argel lutava pela independência do governo francês.
Quando Duas Mulheres Pecam;. Quando Duas Mulheres Pecam;1966;8.1;Drama;Uma enfermeira é encarregada de uma atriz silenciosa e descobre que sua personalidade parece convergir em uma.
Rebeldia Indomável;. Rebeldia Indomável;1967;8.1;Policial;Um sulista quieto é condenado a dois anos em uma prisão rural, mas se recusa a obedecer.
2001: Uma Odisséia no Espaço; 2001: Uma Odisséia no Espaço;1968;8.3;Aventura;Trás descobrir um misterioso artefato na superfície da Lua, a humanidade tenta encontrar seus origens com a ajuda da inteligença do ordernador HAL 9000.
Era uma Vez no Oeste; Era uma Vez no Oeste;1968;8.5;Faroeste;Um misterioso estranhoe se junta com um bandido para proteger a uma viúva.
Laranja Mecânica;. Laranja Mecânica;1971;8.3;Policial;No futuro, um jovem líder de gang é levado para prisão e decide ser voluntário em um experimento, mas os resultados não são os esperados.
O Poderoso Chefão;O Poderoso Chefão;1972;9.2;Policial;O patriarca idoso de uma dinastia do crime organizado transfere o controle de seu império clandestino para seu filho relutante.
Golpe de Mestre;. Golpe de Mestre;1973;8.3;Comédia;Dois golpistas se reúnem para obter o melhor golpe.
O Exorcista;. O Exorcista;1973;8.1;Terror;Quando uma adolescente é possuída por uma entidade misteriosa, sua mãe busca a ajuda de um padre, que também é um psiquiatra, para salvar sua filha.
O Poderoso Chefão II;O Poderoso Chefão II;1974;9.0;Policial;Em 1950, Michael Corleone, agora à frente da família, tenta expandir o negócio do crime a Las Vegas, Los Angeles e Cuba. Paralelamente, é revelada a história de Vito Corleone, e de como saiu da Sicília e chegou a Nova Iorque.
Chinatown;. Chinatown;1974;8.2;Drama;Um detetive particular contratado para desmascarar um adúltero é pego em uma teia de fraude, corrupção e assassinato.
Monty Python em Busca do Cálice Sagrado;. Monty Python em Busca do Cálice Sagrado;1975;8.2;Aventura;O Rei Arthur e seus Cavaleiros da Távola Redonda embarcam em uma busca surrealista e de baixo orçamento pelo Santo Graal, encontrando múltiplos obstáculos estúpidos.
Barry Lyndon;. Barry Lyndon;1975;8.1;Aventura;Um irlandês conquista o coração de uma viúva rica e assume a posição aristocrática de seu falecido marido na Inglaterra do século XVIII.
Um Estranho no Ninho; Um Estranho no Ninho;1975;8.7;Drama;Um criminoso alega insanidade para ser enviado a um centro de saúde mental, onde se rebela contra a opressiva enfermeira e mobiliza os pacientes a quem ela atemoriza.
Tubarão;. Tubarão;1975;8.1;Aventura;Quando um tubarão desencadea caos numa praia, um xerife, um biologista e um marinheiro daram caça ao animal.
Taxi Driver: Motorista de Táxi;. Taxi Driver: Motorista de Táxi;1976;8.2;Policial;Um veterano de guerra com problemas mentais trabalha de noite como condutor de táxi na cidade de Nova Iorque, onde experimenta violência e perigo ao tentar ajudar um trabalhador e uma prostituta.
Rocky: Um Lutador;. Rocky: Um Lutador;1976;8.1;Drama;Um boxer pouco conhecido tem uma grande oportunidade de enfrentar o campeão dos pesos pesados em uma partida em que ele esperaele espera estar à altura da tarefa e divulgar seu nome.
Rede de Intrigas;. Rede de Intrigas;1976;8.1;Drama;Uma rede de televisão explora os delírios e revelações de um homem perturbado.
Star Wars: Episódio IV - Uma Nova Esperança; Star Wars: Episódio IV - Uma Nova Esperança;1977;8.6;Ação;Luke Skywalker une forças com um cabaleiro Jedi, um arrogante piloto é dois dróides para salvar a galaxia enquanto tentam salvar a princesa Leia do misterioso Darth Vader.
O Franco Atirador;. O Franco Atirador;1978;8.1;Drama;Um retrato detalhado das maneiras pelas quais a Guerra do Vietnã interrompeu a vida dos habitantes de uma pequena cidade industrial na Pensilvânia.
Apocalypse Now; Apocalypse Now;1979;8.4;Drama;Um oficial do exército dos Estados Unidos no Vietnã é encarregado de assassinar a um coronel que acredita ser um deus.
Alien - O 8º Passageiro; Alien - O 8º Passageiro;1979;8.5;Terror;Depois que um navio mercante do espaço percebe uma transmissão desconhecida como uma chamada de socorro, encontra um dos tripulantes atacado por um misterioso modo de vida, e logo percebem que seu ciclo de vida simplesmente começou.
A Vida de Brian;. A Vida de Brian;1979;8.0;Comédia;Nascido no Natal original no estábulo ao lado de Jesus, Brian de Nazaret passa a vida confundido com um messias.
O Iluminado; O Iluminado;1980;8.4;Drama;Uma família se dirige a um hotel isolado para o inverno, onde uma presença sinistra influencia a violência do pai, enquanto seu filho psíquico vê presságios horríveis do passado e do futuro.
Star Wars: Episódio V - O Império Contra-Ataca; Star Wars: Episódio V - O Império Contra-Ataca;1980;8.7;Ação;Os rebeldes derrotaram o Império no planeta congelado Hoth. Luke Skywalker começa a treinar como um Jedi com Yoda, enquanto seus amigos são perseguidos por Darth Vader.
O Homem Elefante;. O Homem Elefante;1980;8.2;Biografia;Um famoso médico estuda a um jovem com a cara deformada, conhecido como Homem Elefante, ele se da conta que o homem é inteligente e de bom coração.
Touro Indomável;. Touro Indomável;1980;8.1;Biografia;A vida do boxeador Jake LaMotta, que vê como a violência e temperamento que o levam ao topo do ringue, destroem sua vida fora dele.
O Barco: Inferno no Mar; O Barco: Inferno no Mar;1981;8.4;Drama;O mundo claustrofóbico de um submarino da Segunda Guerra Mundial, cheio de tédio, sujeira e terror.
Os Caçadores da Arca Perdida; Os Caçadores da Arca Perdida;1981;8.4;Ação;Em 1936 o archeologista e aventurero Indiana Jones é contratado pelo governo dos Estados Unidos para procurar pelo Pacto da Arca, antes que os nazis o tenham primeiro.
O Enigma de Outro Mundo;. O Enigma de Outro Mundo;1982;8.2;Terror;Um team de investigação na Antartica é perseguido por extraterrestres.
Blade Runner: O Caçador de Androides;. Blade Runner: O Caçador de Androides;1982;8.1;Ação;Um corredor deberá perseguir é acabar com quatro replicantes que roubaram uma nave no espaço, e deberá regresar á Terra e encontrar seu criador.
Star Wars, Episódio VI: O Retorno do Jedi; Star Wars, Episódio VI: O Retorno do Jedi;1983;8.3;Ação;Depois de uma missão ousada para resgatar Han Solo da cabana de Jabba, os rebeldes partem para fazer Endor destruir a mais poderosa Estrela da Morte. Enquanto isso, Luke tenta trazer Darth Vader de volta do lado negro, sem cair na armadilha do Imperador.
Scarface;. Scarface;1983;8.3;Policial;Em Miamo em 1980, um imigrante cubano toma o control dum cartel de drogas.
O Exterminador do Futuro;. O Exterminador do Futuro;1984;8.1;Ação;Um indestrutível robô é enviado de 2029 a 1984 para assassinar a uma jovem garçonete que vai ter um filho que vai liderar uma guerra contra máquinas maa um soldado humano também é enviado para protege-lha.
Amadeus; Amadeus;1984;8.4;Biografia;A vida, sucessos e tribulações de Wolfgang Amadeus Mozart de acordo com Antonio Salieri, um compositor que era contemporâneo, que sempre teve ciúmes dele e que alegou tê-lo matado.
Era uma Vez na América; Era uma Vez na América;1984;8.3;Policial;Um ex criminal judeu da época da proibição volta a Manhattan onde deberá confrontar seu pasado.
Vá e Veja; Vá e Veja;1985;8.4;Drama;Depois de encontrar uma arma, um jovem se une as forças da resistença russa contra os alemães na segunda guerra mundial.
De Volta para o Futuro; De Volta para o Futuro;1985;8.5;Aventura;Marty McFly viaja para 1955 com a máquina do tempo do cientista Dr. Brown. Ele deve garantir que seus pais se apaixonem, para não arriscar sua própria existência.
Ran;. Ran;1985;8.2;Ação;No Japão medieval, um senhor feudal decide abdicar e entregar seus domínios aos seus três filhos. Mas ele não é capaz de ver que esses novos poderes irão corrompê-los e levá-los a enfrentar um ao outro, e contra ele.
Conta Comigo;. Conta Comigo;1986;8.1;Aventura;Depois da morte de um de seus velhos amigos, um escritor relembra sua viagem com os amigos de infância para encontrar o corpo de um menino desaparecido.
Platoon;. Platoon;1986;8.1;Drama;Um jovem soldado do Vietnã se confronta com uma crisis moral frete aos horrores da guerra.
Aliens, O Resgate; Aliens, O Resgate;1986;8.4;Ação;Ellen Ripley é salvada depois de estar dormida por 57 anos. A luna que o Nostromo visitou foi colonizada mas o contado se perdeu.
Nascido para Matar;. Nascido para Matar;1987;8.3;Drama;Um marinho dos Estados Unidos nota os deshumanizantes efeitos da guerra do Vietnã em seus colegas.
Duro de Matar;. Duro de Matar;1988;8.2;Ação;John McClane, agente do departamento de polícia de Nova York, tenta salvar sua esposa, Holly Gennaro, e outras pessoas que o terrorista alemão Hans Gruber tomou como reféns durante a festa de Natal no Nakatomi Plaza, em Los Angeles.
Túmulo dos Vagalumes; Túmulo dos Vagalumes;1988;8.5;Animação;Um menino e sua irmã tentam sobreviver no Japão durante a Segunda Guerra Mundial.
Cinema Paradiso; Cinema Paradiso;1988;8.5;Drama;Um diretor de cinema lembra como, em sua infância, ele se apaixonou pelo cinema de sua cidade e iniciou uma profunda amizade com o projecionista.
Meu Amigo Totoro;. Meu Amigo Totoro;1988;8.1;Animação;Quando duas meninas se mudam para o campo para ficar perto de sua mãe doente, elas têm aventuras com os maravilhosos espíritos da floresta que moram nas proximidades.
Indiana Jones e a Última Cruzada;. Indiana Jones e a Última Cruzada;1989;8.2;Ação;"Em 1938, depois que seu pai, o professor Henry Jones, desaparece enquanto persegue o Santo Graal, o professor Henry ""Indiana"" Jones, Jr. se encontra contra os nazistas de Adolf Hitler."
Sociedade dos Poetas Mortos;. Sociedade dos Poetas Mortos;1989;8.1;Comédia;O professor de Inglés John Keating inspira a seus estudantes a ver a poesia duma perspectiva diferente.
Os Bons Companheiros; Os Bons Companheiros;1990;8.7;Biografia;A historia do Henry Hill e sua vida na máfia, sua relação com sua esposa Karen Hill e seus colegas da máfia Jimmy Conway e Tommy DeVito no sindicato italo-americano do crime.
Dança com Lobos;. Dança com Lobos;1990;8.0;Aventura;O tenente John Dunbar, designado para um posto remoto da Guerra Civil, faz amizade com lobos e índios, se tornando intolerável nas forças armadas.
O Exterminador do Futuro 2: O Julgamento Final; O Exterminador do Futuro 2: O Julgamento Final;1991;8.6;Ação;Um ciborgue, idêntico àquele que não conseguiu matar Sarah Connor, deve agora proteger seu filho adolescente, John Connor, de um ciborgue mais avançado e poderoso.
O Silêncio dos Inocentes; O Silêncio dos Inocentes;1991;8.6;Policial;Uma jovem deve receber a ajuda de um assassino canibal manipulador e preso para ajudar a capturar outro assassino em série, um louco que ataca suas vítimas.
Cães de Aluguel; Cães de Aluguel;1992;8.3;Policial;Quando um simples roubo de jóias dá errado, os criminosos sobreviventes começam a suspeitar que um deles é um informante da polícia.
Os Imperdoáveis;. Os Imperdoáveis;1992;8.2;Drama;O atirador do Velho Oeste, William Munny, relutantemente aceita um último trabalho com a ajuda de seu antigo amigo e um jovem.
Aladdin;. Aladdin;1992;8.0;Animação;Um menino de rua bondoso e um Vizir competem por uma lâmpada mágica que tem o poder de realizar seus mais profundos desejos.
Jurassic Park;. Jurassic Park;1993;8.2;Ação;Durante um tour o parque sofre falta de energia eléctrica o que faz que um dinossauro clonado saia do seu claustro.
Feitiço do Tempo;. Feitiço do Tempo;1993;8.0;Comédia;Um homem vive o mesmo dia uma e outra vez.
Em Nome do Pai;. Em Nome do Pai;1993;8.1;Biografia;Em 1974, uma explosão a bomba acontece em Guilford, próximo de Londres. Gerry Conlon e amigos são acusados pelo crime e presos. Giuseppe Conlon, pai de Gerry, pede ajuda à advogada Gareth Peirce, que investiga as irregularidades do caso.
A Lista de Schindler;A Lista de Schindler;1993;9.0;Biografia;Na Polônia ocupada pelos alemães durante a Segunda Guerra Mundial, o industrial Oskar Schindler começa a ser preocupar com seus trabalhadores judeus depois de testemunhar sua perseguição pelos nazistas.
Um Sonho de Liberdade;Um Sonho de Liberdade;1994;9.3;Drama;Dois homens presos se reúnem ao longo de vários anos, encontrando consolo e eventual redenção através de atos de decência comum.
Pulp Fiction - Tempo de Violência;Pulp Fiction - Tempo de Violência;1994;8.9;Policial;As vidas de dois assassinos da máfia, um boxeador, um gângster e sua esposa, e um par de bandidos se entrelaçam em quatro histórias de violência e redenção.
O Rei Leão; O Rei Leão;1994;8.5;Animação;Um pequeno lion é obrigado por seu tío a fugir de casa e anos depois se da conta da sua identidade e suas responsabilidades.
O Profissional; O Profissional;1994;8.5;Ação;Mathilda, uma menina de 12 anos é levada por Léon, um assassino profissional, depois que sua família é assassinada. Léon e Mathilda formam uma relação incomum, desde que ela se torna sua protegida.
Forrest Gump: O Contador de Histórias; Forrest Gump: O Contador de Histórias;1994;8.8;Drama;Os governos dos presidentes Kennedy e Johnson, os eventos do Vietnã e Watergate e outras histórias são mostradas através da perspectiva de um homem do Alabama com baixo quociente intelectual.
Os Suspeitos; Os Suspeitos;1995;8.5;Policial;O único sobrevivente conta os torcidos eventos duma luta com pistolas num bote, quanfo cinco criminais eram levados pela polícia.
Fogo Contra Fogo;. Fogo Contra Fogo;1995;8.3;Ação;Um grupo de profissionais roubando bancos sospeitam que a polícia está tráis deles quando deixam uma pista no seu último roubo.
Toy Story; Toy Story;1995;8.3;Animação;Um brinquedo do cauboi se sente profundamente ameaçado e celoso quando um brinquedo patrulheiro espacial passa a ter mais atençao do garoto.
O Ódio;. O Ódio;1995;8.1;Policial;24 horas na vida de três jovens nos subúrbios franceses no dia seguinte a uma rebelião violenta.
Cassino;. Cassino;1995;8.2;Policial;Uma história de ganância, dinheiro e assassinato acontece entre dois melhores amigos: um mafioso e um executivo de cassino, que competem uns com os outros por um império de jogo e pelo amor de uma socialite.
Seven: Os Sete Crimes Capitais; Seven: Os Sete Crimes Capitais;1995;8.6;Policial;Dois detetives, um novato e um veterano, perseguem um assassino em série que usa os sete pecados capitais como motivos.
Antes do Amanhecer;. Antes do Amanhecer;1995;8.1;Drama;Um jovem e uma mulher se conhecem num trem em Europa é passam uma noite juntos em Viena.
Coração Valente; Coração Valente;1995;8.3;Biografia;Quando sua noiva en segredo é assassinada, William Wallace comença uma revolta contra o rey Eduardo I da Inglaterra.
Trainspotting: Sem Limites;. Trainspotting: Sem Limites;1996;8.1;Drama;Renton, profundamente imerso no mundo das drogas em Edimburgo, tenta sair do ambiente apesar da má influência dos amigos.
Fargo: Uma Comédia de Erros;. Fargo: Uma Comédia de Erros;1996;8.1;Policial;O crime de Jerry Lundegaard se desfaz devido à falta de sorte dele e de seus colegas e ao persistente trabalho polícia.
A Vida é Bela; A Vida é Bela;1997;8.6;Comédia;Quando um bibliotecário judeu e seu filho se tornarem vítimas do Holocausto, ele usará uma mistura perfeita de vontade, humor e imaginação para proteger seu filho dos perigos do campo de concentração.
Princesa Mononoke; Princesa Mononoke;1997;8.3;Animação;Numa viagem para descobrir a cura contra a maldição de Tatarigami, Ashitaka, se encontra uma guerra entre os deuses da foresta e Tatara, uma colônia mineira.
Gênio Indomável; Gênio Indomável;1997;8.3;Drama;Will Hunting, um zelador duma Universidade, tem habilidades para a matemática, mas precisa da ajuda dum psicólogo para encontrar seu propósito.
Los Angeles: Cidade Proibida;. Los Angeles: Cidade Proibida;1997;8.2;Policial;A corrupção cresce em Los Angeles nos anos 50. Três policiais estão investigando uma série de assassinatos com sua própria marca de justiça.
Filhos do Paraíso;. Filhos do Paraíso;1997;8.2;Drama;Depois que uma criança perde o par de sapatos de sua irmã, ele embarca em uma série de aventuras para encontrá-los. Quando não consegue, ele tenta uma nova maneira de procurá-los.
O Resgate do Soldado Ryan; O Resgate do Soldado Ryan;1998;8.6;Drama;Depois de chegar a Normandía, um grupo de soldados precisam encontrar ao unico irmão vivo de tres que morreram na guerra.
O Grande Lebowski;. O Grande Lebowski;1998;8.1;Comédia;Jeff The Dude Lebowski, foi confundido por um millonário do mesmo nome e procurará restituçao com a ajuda do seus amigos.
A Outra História Americana; A Outra História Americana;1998;8.5;Policial;Um neonazista tenta evitar que seu irmão mais novo tome o mesmo caminho errado que ele.
Jogos, Trapaças e Dois Canos Fumegantes;. Jogos, Trapaças e Dois Canos Fumegantes;1998;8.1;Ação;Um jogo de cartas em Londres desencadeia um confronto entre quatro amigos, plantadores de maconha, agiotas e cobradores de dívidas em uma série de eventos curiosos, tudo por algo de maria, dinheiro e duas pistolas antigas.
O Show de Truman: O Show da Vida;. O Show de Truman: O Show da Vida;1998;8.2;Comédia;Um vendedor de seguros descobre que sua vida é um programa de televisão.
Matrix; Matrix;1999;8.7;Ação;Um hacker aprende com os misteriosos rebeldes sobre a verdadeira natureza de sua realidade e seu papel na guerra contra seus controladores.
O Sexto Sentido;. O Sexto Sentido;1999;8.2;Drama;Um menino que consegue se comunicar com espíritos encontra ajuda de um psicólogo.
Clube da Luta; Clube da Luta;1999;8.8;Drama;Um trabalhador de escritório e um fabricante de sabonetes formam um clube de luta clandestino que evolui para algo muito maior.
À Espera de um Milagre; À Espera de um Milagre;1999;8.6;Policial;As vidas dos guardas de corredor da morte são afetadas por um dos detidos: um homem afro-americano acusado pelo assassinato e estupro de uma criança, mas com um presente misterioso.
O Gigante de Ferro;. O Gigante de Ferro;1999;8.1;Animação;Um jovem faz amizade com um robô gigante do espaço, um paranóico agente do governo quer que seja destruído.
Beleza Americana; Beleza Americana;1999;8.3;Drama;Um pai sexualmente frustrado tem uma crise existencial depois de conhecer a melhor amiga da sua filha.
Snatch: Porcos e Diamantes;. Snatch: Porcos e Diamantes;2000;8.2;Comédia;Segue a luta de criminais tráis um diamante como nenhum outro nu mundo.
Réquiem para um Sonho; Réquiem para um Sonho;2000;8.3;Drama;As utopias causadas pelo uso de drogas em quatro pessoas de Coney Island se rompem quando seus vícios as dominam.
Amores Brutos;. Amores Brutos;2000;8.1;Drama;Um terrível acidente de carro conecta três histórias, cada uma envolvendo personagens que lidam com a perda, o arrependimento e as duras realidades da vida, tudo em nome do amor.
Gladiador; Gladiador;2000;8.5;Ação;Um general romano planeja a melhor vingança contra o imperador corrupto que matou sua familia e o fez escravo.
Amnésia; Amnésia;2000;8.4;Mistério;Um homem com perda da memória de curto prazo tenta investigar o homicídio da sua esposa.
A Viagem de Chihiro; A Viagem de Chihiro;2001;8.6;Animação;Durante a mudança de casa, uma menina de dez anos se maravilha num mundo de dioses, bruxas e espíritus e onde os humanos são transformados em bestas.
Uma Mente Brilhante;. Uma Mente Brilhante;2001;8.2;Biografia;A vida do brilhante mas insociável matemático John Nash muda quando ele aceita um trabalho secreto em criptografia.
O Fabuloso Destino de Amélie Poulain;. O Fabuloso Destino de Amélie Poulain;2001;8.3;Comédia;Amélie é uma parisiense ingênua com seu próprio senso de justiça. Ela decide ajudar as pessoas ao seu redor e, no caminho, descobre o amor.
O Senhor dos Anéis: A Sociedade do Anel;O Senhor dos Anéis: A Sociedade do Anel;2001;8.8;Ação;Um manso hobbit do Condado e oito companheiros partem em uma jornada para destruir o poderoso Um Anel e salvar a Terra-média das Trevas.
Monstros S.A.;. Monstros S.A.;2001;8.1;Animação;Para poder dar electricidade a sua cidade, os monstros tem que assustar a crianças. Pensando que as crianças são perigosas para eles, dois monstros acham que as coisas podem ser diferentes.
O Pianista; O Pianista;2002;8.5;Biografia;Um musico judeu luta para sobreviver a destruição de Varsóvia durante a segunda guerra mundial.
Prenda-me se for Capaz;. Prenda-me se for Capaz;2002;8.1;Biografia;Um agente do FBI persegue Frank Abagnale, que antes de seus 19 anos consegue ganhar milhões de dólares fingindo ser um piloto, um médico e um advogado.
Cidade de Deus; Cidade de Deus;2002;8.6;Policial;Os caminhos de duas crianças divergem nas favelas do Rio, enquanto um se esforça para se tornar um fotógrafo e o outro um chefe do tráfico.
O Senhor dos Anéis: As Duas Torres; O Senhor dos Anéis: As Duas Torres;2002;8.8;Ação;Enquanto Frodo e Sam estão perto de Mordor com a ajuda de Gollum, a divida comunhão luta contra Saruman e os Isengards.
Memórias de um Assassino;. Memórias de um Assassino;2003;8.1;Policial;Em uma pequena província coreana em 1986, três detetives estão procurando o culpado de uma série de estupros e assassinatos de mulheres jovens.
Oldboy; Oldboy;2003;8.4;Ação;Depois de ter sido raptado e preso por quinze anos, Oh Dae-Su é libertado, e descobre que tem 5 dias para encontrar seu sequestrador.
Procurando Nemo;. Procurando Nemo;2003;8.2;Animação;Quando seu filho é capturado, um peixe-palhaço tímido embarca em uma viagem para trazê-lo para casa.
Kill Bill: Volume 1;. Kill Bill: Volume 1;2003;8.2;Ação;Depois de despertar de um coma de quatro anos, uma antiga assassina busca vingança contra o grupo de assassinos que a traiu.
Piratas do Caribe: A Maldição do Pérola Negra;. Piratas do Caribe: A Maldição do Pérola Negra;2003;8.1;Ação;O ferreiro Will Turner se junta ao capitão Jack Sparrow para salvar seu amor, a filha do governador, dos ex-aliados piratas de Jack, que agora estão vivos.
O Senhor dos Anéis: O Retorno do Rei;O Senhor dos Anéis: O Retorno do Rei;2003;9.0;Ação;Gandalf e Aragorn lideram o Mundo dos Homens contra o exército de Sauron para desviar o olhar de Frodo e Sam quando eles se aproximam á Montanha da Perdição com o Um Anel.
Os Incríveis;. Os Incríveis;2004;8.0;Animação;Uma familia de heróis encobertos tentando viver uma vida tranquila se vem obrigados a salvar o mundo.
Hotel Ruanda;. Hotel Ruanda;2004;8.1;Biografia;Paul Rusesabagina era o gerente de um hotel que abrigava mais de mil refugiados tutsis durante sua luta contra a milícia hutu em Ruanda.
Antes do Pôr do Sol;. Antes do Pôr do Sol;2004;8.1;Drama;Nove anos depois de se conhecer, o Jesse e a Celine se encontram novamente na França.
A Queda! As Últimas Horas de Hitler;. A Queda! As Últimas Horas de Hitler;2004;8.2;Biografia;O último secretário de Hitler relata seus últimos dias em seu bunker de Berlim no final da Segunda Guerra Mundial.
Brilho Eterno de uma Mente sem Lembranças; Brilho Eterno de uma Mente sem Lembranças;2004;8.3;Drama;Quando sua relaçao se volta complicada, um casal tenta um procedimento médico para que suas memorias sejam apagadas.
Menina de Ouro;. Menina de Ouro;2004;8.1;Drama;Uma mulher determinada se prepara para se tornar numa pugilista profissional.
O Castelo Animado;. O Castelo Animado;2004;8.2;Animação;Uma jovem sem autoconfiança é amaldiçoada com um corpo envelhecido por uma bruxa odiosa. Sua única chance de quebrar o feitiço é um jovem feiticeiro em um castelo itinerante.
Batman Begins;. Batman Begins;2005;8.2;Ação;Depois do treinamento, Batman comença a luta contra o crime e corrupçao en Gotham.
Meu Pai e Meu Filho;. Meu Pai e Meu Filho;2005;8.2;Drama;A família de um jornalista de esquerda é separada após o golpe militar na Turquia em 1980.
V de Vingança;. V de Vingança;2005;8.2;Ação;Em um futuro da tirania britânica, um lutador clandestino conhecido como V trama um plano para derrubá-la com a ajuda de uma jovem mulher.
O Labirinto do Fauno;. O Labirinto do Fauno;2006;8.2;Drama;Na Espanha de 1944, a filha dum oficial do exército escapa a um mundo de fantasia.
A Vida dos Outros; A Vida dos Outros;2006;8.4;Drama;Em 1984, em Berlim Oriental, um agente da polícia secreta que cuida de um escritor e sua mulher se vê cada vez mais absorvido em suas vidas.
Os Infiltrados; Os Infiltrados;2006;8.5;Policial;Um policial disfarçado e um espião estão tentando se identificar enquanto se infiltram em uma gangue irlandesa no sul de Boston.
O Grande Truque; O Grande Truque;2006;8.5;Drama;Depois de um trágico acidente, dois magos do palco se engajam em uma batalha para criar a ilusão final enquanto sacrificam tudo o que têm para enganar um ao outro.
Como Estrelas na Terra;. Como Estrelas na Terra;2007;8.3;Drama;Um garoto de oito anos é acusado de ser problemático e preguiçoso, até que o novo professor de arte tem a paciência e compaixão para descobrir o verdadeiro problema por trás de suas lutas na escola.
Sangue Negro;. Sangue Negro;2007;8.2;Drama;Uma história sobre familia, religião, ódio e loucura, centrada na vida de um explorador de petróleo nos primeiros anos do negócio.
Ratatouille;. Ratatouille;2007;8.1;Animação;Um rato que pode cozinhar forja uma aliança incomum com um jovem garoto em um famoso restaurante em Paris.
Onde os Fracos Não Têm Vez;. Onde os Fracos Não Têm Vez;2007;8.2;Policial;Violência e caos surgem quando um caçador se depara com uma negociação de drogas que deu errado e mais de dois milhões de dólares perto do Rio Grande.
Na Natureza Selvagem;. Na Natureza Selvagem;2007;8.1;Aventura;Depois de terminar a universidade, Christopher McCandless deixa pra trás suas posses e vai para o Alasca viver na natureza.
Batman: O Cavaleiro das Trevas;Batman: O Cavaleiro das Trevas;2008;9.0;Ação;Quando a ameaça conhecida como O Coringa surge de seu passado, causa estragos e caos nas pessoas de Gotham. O Cavaleiro das Trevas deve aceitar um dos maiores testes para combater a injustiça.
WALL·E; WALL·E;2008;8.4;Animação;Num futuro distante, um pequeno robô faz uma viagem que decidirá o destino da humanidade.
Gran Torino;. Gran Torino;2008;8.1;Drama;Walt Kowalski, um ranzinza veterano da guerra da Coreia, tenta dar uma lição em seu vizinho quando este tentar roubar seu bem mais precioso: um Gran Torino de 1972.
3 Idiotas; 3 Idiotas;2009;8.4;Comédia;Dois amigos procuram seu companheiro perdido. Eles se lembram de seus dias de faculdade e como seu amigo os inspirou a pensar de maneira diferente, mesmo quando o resto do mundo os chamava idiotas.
O Segredo dos Seus Olhos;. O Segredo dos Seus Olhos;2009;8.2;Drama;Um assessor jurídico aposentado escreve um romance com a esperança de fechar um de seus antigos casos de homicídio, que permanece sem solução, e superar o amor não correspondido que sentia por seu chefe. Décadas depois, ambas as memórias continuam a persegui-lo.
Mary e Max: Uma Amizade Diferente;. Mary e Max: Uma Amizade Diferente;2009;8.1;Animação;Relata a estranha história de uma amizade entre dois amigos por correspondência: Mary, uma garota solitária de oito anos que vive nos subúrbios de Melbourne, e Max, um homem obeso de quarenta e quatro anos que vive em Nova York.
Sempre ao Seu Lado;. Sempre ao Seu Lado;2009;8.1;Biografia;Um professor universitário se liga a um cachorro abandonado que ele leva para casa.
Up: Altas Aventuras;. Up: Altas Aventuras;2009;8.3;Animação;Carl Fredricksen, de 78 anos, viaja a Paraside Falls com sua casa e inadvertidamente leva um menino com ele.
Bastardos Inglórios; Bastardos Inglórios;2009;8.3;Aventura;Na França ocupada pelos nazistas durante a Segunda Guerra Mundial, um plano para assassinar líderes nazistas por parte de um grupo de soldados judeus dos EUA coincide com os planos de vingança da dona de uma sala de cinema.
Como Treinar o Seu Dragão;. Como Treinar o Seu Dragão;2010;8.1;Animação;Um jovem e desafortunado viking que aspira a caçar dragões se torna o improvável amigo de um jovem dragão, e descobre que pode haver mais nas criaturas do que ele supunha.
Toy Story 3; Toy Story 3;2010;8.3;Animação;Os brinquedos são dados por erro a uma creche, Woody junto com os outros brinquedos tentaram voltar a casa do Andy.
A Origem; A Origem;2010;8.8;Ação;Um ladrão que rouba segredos corporativos através da tecnologia de entrar no subconsciente recebe a tarefa inversa de plantar uma idéia na mente do diretor de uma grande empresa.
Incêndios;. Incêndios;2010;8.3;Drama;Os gêmeos viajam para o Oriente Médio para descobrir sua história familiar e cumprir os últimos desejos de sua mãe.
Ilha do Medo;. Ilha do Medo;2010;8.2;Mistério;Em 1945, um policial federal dos Estados Unidos investiga o desaparecimento de um assassino que escapou de um hospital psiquiátrico.
Guerreiro;. Guerreiro;2011;8.1;Ação;O filho pequeno de um exboxer alcoólatra volta para casa, onde seu pai o treina para um torneio de artes marciais mistas.
Histórias Cruzadas;. Histórias Cruzadas;2011;8.1;Drama;Uma aspirante a escritora durante o movimento dos direitos civis nos anos 60 nos Estados Unidos decide escrever um livro sobre as experiências das criadas negras que trabalhavam para as famílias brancas.
Harry Potter e as Relíquias da Morte - Parte 2;. Harry Potter e as Relíquias da Morte - Parte 2;2011;8.1;Aventura;Harry, Ron e Hermione devem escapar a Voldemort e tentar trabalhar em conjunto para localizar e aniquilar os Horcruxes, que contêm pedaços da alma de Voldemort.
A Separação;. A Separação;2011;8.3;Drama;Um casal é confrontado com uma decisão difícil, melhorar a vida de seu filho mudando-se para outro país ou ficar no Irã e cuidar de um pai que se deteriora e com Alzheimer.
Intocáveis; Intocáveis;2011;8.5;Biografia;Depois de ficar tetraplégico num acidente, um aristocrata contrata um jovem de um bairro pobre para cuidar dele.
Django Livre; Django Livre;2012;8.5;Drama;Com a ajuda de um caçador de recompensas alemão, um escravo libertado sai para resgatar sua esposa de um brutal dono de uma plantação no Mississipi.
A Caça; A Caça;2012;8.3;Drama;Um professor vive uma vida solitária enquanto luta pela custódia de seu filho. Sua vida melhora lentamente quando ele encontra o amor e recebe boas notícias de seu filho, mas sua sorte está prestes a mudar por uma pequena mentira inocente.
Batman: O Cavaleiro das Trevas Ressurge; Batman: O Cavaleiro das Trevas Ressurge;2012;8.4;Ação;Oito anos depois da anarquia do Coringa, Batman com ajuda da Mulher Gato, tentam salvar Gotham do terrorista Bane.
Os Suspeitos;. Os Suspeitos;2013;8.1;Policial;Quando a filha de Keller Dover e sua amiguinha desaparecem, ele decide investigar o caso por sua conta enquanto a polícia segue múltiplas pistas e a pressão para resolver o caso aumenta.
O Lobo de Wall Street;. O Lobo de Wall Street;2013;8.2;Biografia;Baseada na verdadeira história de Jordan Belfort, desde sua ascensão como corretor de valores até a sua queda e envolvimento no crime e corrupção com o governo.
12 Anos de Escravidão;. 12 Anos de Escravidão;2013;8.1;Biografia;Solomon Northup, um homem preto livre de Nova Iorque, é raptado e vendido como escravo.
Rush: No Limite da Emoção;. Rush: No Limite da Emoção;2013;8.1;Ação;A história da rivalidade impiedosa nos anos 70 entre os rivais de Fórmula 1 James Hunt e Niki Lauda.
Interestelar; Interestelar;2014;8.7;Aventura;Uma equipe de exploradores viaja através de um buraco de minhoca no espaço, na tentativa de garantir a sobrevivência da humanidade.
Garota Exemplar;. Garota Exemplar;2014;8.1;Drama;Desde que o desaparecimento de sua esposa se tornou o foco de um intenso circo da mídia, um homem vê como esta se concentra nele quando suspeitam que pode não ser inocente.
O Grande Hotel Budapeste;. O Grande Hotel Budapeste;2014;8.1;Aventura;As aventuras de Gustave H, um lendário porteiro dum famoso hotel da ficcional República de Zubrowka entre a primeira y a segunda guerra mundial.
Relatos Selvagens;. Relatos Selvagens;2014;8.1;Comédia;Sies historias curtas que exploram o comportamento humano de pessoas desesperadas.
Whiplash: Em Busca da Perfeição; Whiplash: Em Busca da Perfeição;2014;8.5;Drama;Um jovem e promissor baterista se matricula em um conservatório de música onde seus sonhos são guiados por um instrutor que não pára por nada para perceber o potencial de um aluno.
Divertida Mente;. Divertida Mente;2015;8.1;Animação;Quando o jovem Riley se muda á San Francisco deberá lidiar com suas emoções.
Spotlight: Segredos Revelados;. Spotlight: Segredos Revelados;2015;8.1;Biografia;A verdadeira historia de como o jornal Boston Globe revelou o escândalo de abuso sexual infantil dentro da igreja católica da cidade e que agitou a toda igreja católica no mundo.
Mad Max: Estrada da Fúria;. Mad Max: Estrada da Fúria;2015;8.1;Ação;Num mundo apocalíptico, uma mulher se rebela contra um tirano ao procurar uma nova casa para um grupo de mulheres prisioneiras com a ajuda dum homem chamado Max.
O Quarto de Jack;. O Quarto de Jack;2015;8.1;Drama;Um menino é mantido preso em um quarto com sua mãe desde seu nascimento, por isso sua visão do mundo é muito reduzida.
Dangal;. Dangal;2016;8.3;Ação;O lutador Mahavir e suas filhas lutadoras procuram a gloria contra a opressão social nos jogos do Commonwealth.
Até o Último Homem;. Até o Último Homem;2016;8.1;Biografia;O médico amaericano da Segunda Guerra Mundial, Desmond T. Doss, se recusa a matar pessoas e se torna o primeiro homem na história dos Estados Unidos a receber a Medalha de Honra sem atirar um tiro.
Your Name.; Your Name.;2016;8.4;Animação;Dois estranhos estão ligados de uma maneira bizarra, mais quando uma conexão é formada, a distância será a única coisa que os manterá separados?
A Criada;. A Criada;2016;8.1;Drama;Uma mulher é contratada como criada de uma herdeira japonesa, mas secretamente esta envolvida em um plano para defraudá-la.
Três Anúncios para um Crime;. Três Anúncios para um Crime;2017;8.1;Comédia;Uma mãe desafia pessoalmente as autoridades locais para resolver o assassinato de sua filha.
Viva: A Vida é uma Festa; Viva: A Vida é uma Festa;2017;8.4;Animação;Miguel entra na terra dos mortos para encontrar a seu bisavó quem era um lendário cantante.
Logan;. Logan;2017;8.1;Ação;Em um futuro em que os mutantes estão quase extintos, um velho e cansado Logan leva uma vida tranquila. Mas quando Laura, uma garota mutante perseguida por cientistas, pede ajuda a ele, ele deve colocá-la em segurança.
Green Book: O Guia;. Green Book: O Guia;2018;8.2;Biografia;Um valentão ítalo-americano se torna o motorista de um pianista afro-americano em um tour no sul dos Estados Unidos nos anos sessenta.
Cafarnaum; Cafarnaum;2018;8.4;Drama;Ao cumprir uma sentença de cinco anos por um crime violento, uma criança de 12 anos processou seus pais por negligência.
Vingadores: Guerra Infinita; Vingadores: Guerra Infinita;2018;8.4;Ação;Os Vingadores e seus aliados deverão sacrificar tudo em uma tentativa de derrotar o poderoso Thanos antes que sua explosão de devastação ponha fim ao universo.
Homem-Aranha: No Aranhaverso; Homem-Aranha: No Aranhaverso;2018;8.4;Animação;Um jovem se torna o Homem Aranha de sua realidade, cruzando seu caminho com cinco colegas de outras dimensões para impedir uma ameaça a todas as realidades.
1917;. 1917;2019;8.2;Ação;Trama desconhecida. O filme será de 1917 durante a primeira guerra mundial.
Klaus;. Klaus;2019;8.2;Animação;Um simples ato de bondade sempre provoca outro, mesmo em um lugar gelado e distante. Quando o novo carteiro de Smeerensburg faz amizade com o fabricante de brinquedos Klaus, seus presentes derreteram uma antiga inimizade.
Parasita; Parasita;2019;8.5;Drama;Desempregados, a família de Ki-taek (Song Kang-ho) nutre um interesse peculiar pela família Park até que eles se veem presos em um inesperado incidente.
Vingadores: Ultimato; Vingadores: Ultimato;2019;8.4;Ação;Após os eventos devastadores de Vingadores: Guerra Infinita , o universo está em ruínas, e com a ajuda de aliados os Vingadores se reúnem para desfazer as ações de Thanos e restaurar a ordem.
Ford vs Ferrari;. Ford vs Ferrari;2019;8.1;Ação;Um designer de carros e um motorista combatem a interferência corporativa, as leis da física e seus próprios demônios pessoais para construir um carro de corrida revolucionário para a Ford e desafiar a Ferrari nas 24 Horas de Le Mans em 1966.
Coringa; Coringa;2019;8.4;Policial;Um comediante falido enlouquece e se torna um assassino psicopata.
Hamilton;. Hamilton;2020;8.3;Biografia;A vida de um dos maiores fundadores e primeiro secretário do Tesouro da América, Alexander Hamilton.
Meu Pai;. Meu Pai;2020;8.2;Drama;Um homem recusa toda a ajuda de sua filha à medida que envelhece. Ao tentar entender as mudanças nas circunstâncias, ele começa a duvidar dos seus entes queridos, da sua própria mente e até mesmo da estrutura de sua realidade.
Jai Bhim;. Jai Bhim;2021;8.8;Policial;Quando um homem tribal é preso por um caso de suposto roubo, sua esposa recorre a um advogado de direitos humanos para ajudá-lo a fazer justiça.
Homem-Aranha: Sem Volta para Casa;. Homem-Aranha: Sem Volta para Casa;2021;8.2;Ação;Com a identidade do Homem-Aranha revelada, Peter pede ajuda ao Doutor Strange. Quando um feitiço corre mal, inimigos perigosos de outros mundos começam a aparecer, forçando Peter a descobrir o que realmente significa ser o Homem-Aranha.
Top Gun: Maverick;. Top Gun: Maverick;2022;8.3;Ação;Após mais de trinta anos de serviço como um dos melhores aviadores da Marinha, Pete Mitchell está onde pertence, ultrapassando os limites como um piloto de teste intrépido e evitando a promoção de posto que o manteria em terra.
Homem-Aranha: Através do Aranhaverso; Homem-Aranha: Através do Aranhaverso;2023;8.7;Animação;Miles Morales, o amigão da vizinhança Homem-Aranha, é transporado através do multiverso para unir forças com Gwen Stacy e um novo time de Pessoas-Aranha para enfrentar um vilão mais poderoso do que qualquer coisa que já tenham encontrado.
Oppenheimer; Oppenheimer;2023;8.6;Biografia;A história do cientista americano J. Robert Oppenheimer e o seu papel no desenvolvimento da bomba atômica.
